<?xml version="1.0" encoding="UTF-8"?>
<project-private xmlns="http://www.netbeans.org/ns/project-private/1">
    <editor-bookmarks xmlns="http://www.netbeans.org/ns/editor-bookmarks/2" lastBookmarkId="1">
        <file>
            <url>src/cosc/pkg457/project/WFrame.java</url>
            <bookmark id="1">
                <name/>
                <line>38</line>
                <key/>
            </bookmark>
        </file>
    </editor-bookmarks>
    <open-files xmlns="http://www.netbeans.org/ns/projectui-open-files/2">
        <group>
            <file>file:/D:/NetBeans/COSC-457-Project/src/cosc/pkg457/project/Main.java</file>
            <file>file:/D:/NetBeans/COSC-457-Project/src/cosc/pkg457/project/InsertData.java</file>
        </group>
    </open-files>
</project-private>
